"company_id","company","city","country","continent"
189,"Otto Bock HealthCare","Duderstadt","Germany","Europe"
848,"Matrixport","","Singapore","Asia"
556,"Cloudinary","Santa Clara","United States","North America"
999,"PLACE","Bellingham","United States","North America"
396,"candy.com","New York","United States","North America"
931,"HAYDON","Shanghai","China","Asia"
364,"eDaili","Shanghai","China","Asia"
732,"CoinTracker","San Francisco","United States","North America"
906,"EcoFlow","Shenzhen","China","Asia"
72,"DJI Innovations","Shenzhen","China","Asia"
983,"Numbrs","Zurich","Switzerland","Europe"
898,"Darwinbox","Hyderabad","India","Asia"
844,"MobileCoin","San Francisco","United States","North America"
894,"Clara","Mexico City","Mexico","North America"
813,"CoinDCX","Maharashtra","India","Asia"
743,"Manner","Shanghai","China","Asia"
226,"Clubhouse","San Francisco","United States","North America"
963,"Masterworks","New York","United States","North America"
764,"AgentSync","Denver","United States","North America"
839,"Mamaearth","Gurgaon","India","Asia"
1033,"Splashtop","San Jose","United States","North America"
725,"Athletic Greens","New York","United States","North America"
549,"Black Sesame Technologies","Shanghai","China","Asia"
667,"Apus Group","Beijing","China","Asia"
755,"Marshmallow","London","United Kingdom","Europe"
782,"Phantom","San Francisco","United States","North America"
175,"Kraken","San Francisco","United States","North America"
398,"CoinList","San Francisco","United States","North America"
814,"Daily Harvest","New York","United States","North America"
436,"Afiniti","Hamilton","Bermuda","North America"
1046,"Tractable","London","United Kingdom","Europe"
565,"Hive","San Francisco","United States","North America"
781,"Offchain Labs","Princeton","United States","North America"
997,"Pet Circle","Alexandria","Australia","Oceania"
194,"Relativity","Chicago","United States","North America"
249,"Worldcoin","San Francisco","United States","North America"
434,"Star Charge","Changzhou","China","Asia"
1035,"Stytch","San Francisco","United States","North America"
969,"Minio","Palo Alto","United States","North America"
1018,"Sentry","San Francisco","United States","North America"
355,"1047 Games","Zephyr Cove","United States","North America"
934,"Hotmart","Amsterdam","Netherlands","Europe"
1054,"Vise","New York","United States","North America"
901,"Drata","San Diego","United States","North America"
173,"Turing","Palo Alto","United States","North America"
738,"iTrustCapital","Long Beach","United States","North America"
422,"Temporal","Bellevue","United States","North America"
830,"Rightway","New York","United States","North America"
1004,"Printful","Charlotte","United States","North America"
951,"Lamabang","Shenzhen","China","Asia"
734,"Domestika","Berkeley","United States","North America"
1063,"Wrapbook","New York","United States","North America"
623,"JimuBox","Beijing","China","Asia"
846,"Instabase","San Francisco","United States","North America"
823,"Ivalua","Redwood City","United States","North America"
944,"Interos","Arlington","United States","North America"
1030,"Snorkel AI","Palo Alto","United States","North America"
824,"Juanpi","Wuhan","China","Asia"
930,"Hasura","Bengaluru","India","Asia"
370,"Jusfoun Big Data","Beijing","China","Asia"
618,"Hosjoy","Nanjing","China","Asia"
456,"Verkada","San Mateo","United States","North America"
893,"Cider","","Hong Kong","Asia"
812,"Chief","New York","United States","North America"
1001,"Playco","Tokyo","Japan","Asia"
703,"Panther Labs","San Francisco","United States","North America"
884,"Cadence","New York","United States","North America"
404,"ID.me","McLean","United States","North America"
952,"LayerZero Labs","New York","United States","North America"
625,"Justworks","New York","United States","North America"
971,"Moka","Beijing","China","Asia"
796,"Luoji Siwei","Beijing","China","Asia"
909,"Esusu","New York","United States","North America"
587,"Preferred Networks","Tokyo","Japan","Asia"
273,"Oura","Oulu","Finland","Europe"
771,"Gem","San Francisco","United States","North America"
758,"Tackle.io","Boise","United States","North America"
652,"Xiaoe Tech","Shenzhen","China","Asia"
8,"JUUL Labs","San Francisco","United States","North America"
760,"GalaxySpace","Beijing","China","Asia"
394,"Athelas","Mountain View","United States","North America"
393,"Ascend Money","Bangkok","Thailand","Asia"
870,"Axiom Space","Houston","United States","North America"
804,"Rebellion Defense","Washington DC","United States","North America"
1041,"Tezign","Shanghai","China","Asia"
443,"Cresta","San Francisco","United States","North America"
978,"News Break","Mountain View","United States","North America"
612,"Einride","Stockholm","Sweden","Europe"
714,"Yidian Zixun","Beijing","China","Asia"
925,"Glia","New York","United States","North America"
421,"Strava","San Francisco","United States","North America"
449,"Mercury","San Francisco","United States","North America"
1022,"Shippo","San Francisco","United States","North America"
240,"Dadi Cinema","Shenzhen","China","Asia"
644,"UISEE Technology","Beijing","China","Asia"
718,"Alloy","New York","United States","North America"
920,"Freshbooks","Toronto","Canada","North America"
1048,"TrialSpark","New York","United States","North America"
1024,"Sift","San Francisco","United States","North America"
929,"Haomao.AI","Beijing","China","Asia"
751,"Flipdish","Dublin","Ireland","Europe"
1012,"Revolution Precrafted","Manila","Philippines","Asia"
863,"Anyscale","Berkeley","United States","North America"
662,"Qualia","San Francisco","United States","North America"
1027,"SmartAsset","New York","United States","North America"
317,"Gorillas","Berlin","Germany","Europe"
783,"Pilot.com","San Francisco","United States","North America"
592,"StarkWare","Netanya","Israel","Asia"
1023,"Sidecar Health","El Segundo","United States","North America"
1051,"Vagaro","Dublin","United States","North America"
633,"Phenom People","Ambler","United States","North America"
635,"Qingting FM","Shanghai","China","Asia"
750,"CaptivateIQ","San Francisco","United States","North America"
697,"Figment","Toronto","Canada","North America"
886,"Cameo","Chicago","United States","North America"
826,"LEAD School","Andheri","India","Asia"
1000,"Placer.ai","Los Altos","United States","North America"
740,"LinkTree","Melbourne","Australia","Oceania"
798,"Modern Health","San Francisco","United States","North America"
1008,"Razor","Berlin","Germany","Europe"
761,"Insider","Istanbul","Turkey","Europe"
701,"Kong","San Francisco","United States","North America"
825,"Karat","Seattle","United States","North America"
344,"Lucid","South Jordan","United States","North America"
695,"Envoy","San Francisco","United States","North America"
876,"BitFury","Amsterdam","Netherlands","Europe"
643,"TUNGEE","Guangzhou","China","Asia"
509,"FullStory","Atlanta","United States","North America"
979,"Newsela","New York","United States","North America"
1031,"Solo.io","Cambridge","United States","North America"
817,"Firefly Aerospace","Cedar Park","United States","North America"
943,"Intellifusion","Shenzhen","China","Asia"
975,"Mux","San Francisco","United States","North America"
647,"Venafi","Salt Lake City","United States","North America"
426,"Veriff","Tallinn","Estonia","Europe"
705,"Pristyn Care","Gurugram","India","Asia"
724,"RIDI","Seoul","South Korea","Asia"
464,"Optimism","San Francisco","United States","North America"
942,"Injective Protocol","New York","United States","North America"
354,"Wildlife Studios","Sao Paulo","Brazil","South America"
688,"Away","New York","United States","North America"
1045,"Timescale","New York","United States","North America"
391,"Airbyte","San Francisco","United States","North America"
891,"CHEQ","New York","United States","North America"
1066,"YH Global","Shenzhen","China","Asia"
579,"Modern Treasury","San Francisco","United States","North America"
686,"SonderMind","Denver","United States","North America"
822,"GlobalBees","New Delhi","India","Asia"
882,"Bringg","Tel Aviv","Israel","Asia"
816,"eSentire","Waterloo","Canada","North America"
369,"Iluvatar CoreX","Shanghai","China","Asia"
340,"Inxeption","San Francisco","United States","North America"
1058,"VTS","New York","United States","North America"
129,"Howden Group Holdings","London","United Kingdom","Europe"
862,"Amperity","Seattle","United States","North America"
363,"Changingedu","Shanghai","China","Asia"
603,"56PINGTAI","Shanghai","China","Asia"
645,"Valgen Medtech","Hangzhou","China","Asia"
769,"DailyPay","New York","United States","North America"
788,"SeekOut","Bellevue","United States","North America"
452,"SmartHR","Tokyo","Japan","Asia"
420,"StoreDot","Herzliya","Israel","Asia"
996,"Pentera","Petah Tikva","Israel","Asia"
763,"Ada Support","Toronto","Canada","North America"
803,"Happy Money","Tustin","United States","North America"
765,"Alation","Redwood City","United States","North America"
989,"Orca Bio","Menlo Park","United States","North America"
409,"MOLOCO","Redwood City","United States","North America"
580,"MURAL","San Francisco","United States","North America"
513,"Accelerant","Colchester","United Kingdom","Europe"
809,"apna","Bengaluru","India","Asia"
791,"UpGrad","Mumbai","India","Asia"
998,"PicsArt","San Francisco","United States","North America"
455,"Unite Us","New York","United States","North America"
477,"Harness","San Francisco","United States","North America"
896,"CommerceIQ","Palo Alto","United States","North America"
797,"IRL","San Francisco","United States","North America"
361,"CFGI","Boston","United States","North America"
250,"Hive Box","Shenzhen","China","Asia"
229,"MEGVII","Beijing","China","Asia"
540,"4Paradigm","Beijing","China","Asia"
73,"Netskope","Santa Clara","United States","North America"
852,"Leap Motor","Hangzhou","China","Asia"
78,"Hopin","London","United Kingdom","Europe"
79,"Caris Life Sciences","Irving","United States","North America"
632,"OVH","Roubaix","France","Europe"
314,"Flink Food","Berlin","Germany","Europe"
82,"Fireblocks","New York","United States","North America"
164,"SambaNova Systems","Palo Alto","United States","North America"
85,"Meicai","Beijing","China","Asia"
212,"Relativity Space","Inglewood","United States","North America"
65,"Snyk","Boston","United States","North America"
258,"BYTON","Nanjing","China","Asia"
63,"Pony.ai","Fremont","United States","North America"
58,"reddit","San Francisco","United States","North America"
31,"Faire","San Francisco","United States","North America"
248,"OakNorth Bank","London","United Kingdom","Europe"
32,"Airtable","San Francisco","United States","North America"
252,"MessageBird","Amsterdam","Netherlands","Europe"
33,"Brex","San Francisco","United States","North America"
287,"Cars24","Gurgaon","India","Asia"
251,"Trax","","Singapore","Asia"
243,"OpenAI","San Francisco","United States","North America"
40,"Bolt","Tallinn","Estonia","Europe"
44,"Bolt","San Francisco","United States","North America"
45,"Celonis","Munich","Germany","Europe"
211,"Intarcia Therapeutics","Boston","United States","North America"
50,"ServiceTitan","Glendale","United States","North America"
53,"Digital Currency Group","New York","United States","North America"
285,"Youxia Motors","Shanghai","China","Asia"
217,"Dataminr","New York","United States","North America"
134,"Monzo","London","United Kingdom","Europe"
365,"ENOVATE","Shanghai","China","Asia"
91,"Carta","San Francisco","United States","North America"
185,"Indigo Ag","Boston","United States","North America"
121,"Lianjia","Beijing","China","Asia"
335,"FlixBus","Munich","Germany","Europe"
1014,"SaltPay","London","United Kingdom","Europe"
191,"WeRide","Guangzhou","China","Asia"
334,"Delhivery","Gurgaon","India","Asia"
118,"Vice Media","Brooklyn","United States","North America"
115,"DataRobot","Boston","United States","North America"
113,"Back Market","Paris","France","Europe"
147,"Chipone","Beijing","China","Asia"
136,"VIPKid","Beijing","China","Asia"
130,"Meesho","Bengaluru","India","Asia"
321,"Udaan","Bengaluru","India","Asia"
327,"BlockFi","Jersey City","United States","North America"
641,"SumUp","London","United Kingdom","Europe"
352,"Traveloka","Jakarta","Indonesia","Asia"
972,"Momenta","Beijing","China","Asia"
201,"ShareChat","Bengaluru","India","Asia"
168,"Abogen","Suzhou","China","Asia"
104,"WeDoctor","Hangzhou","China","Asia"
171,"Radiology Partners","El Segundo","United States","North America"
350,"SouChe Holdings","Hangzhou","China","Asia"
101,"Ro","New York","United States","North America"
239,"Zapier","Sunnyvale","United States","North America"
1065,"XForcePlus","Shanghai","China","Asia"
938,"iCarbonX","Shenzhen","China","Asia"
828,"People.ai","San Francisco","United States","North America"
941,"Infobip","Vodnjan","Croatia","Europe"
988,"Orbbec Technology","Shenzhen","China","Asia"
484,"Wave","Dakar","Senegal","Africa"
864,"Aptos","Palo Alto","United States","North America"
383,"Pantheon Systems","San Francisco","United States","North America"
1060,"Weights & Biases","San Francisco","United States","North America"
595,"Trendy Group International","Kowloon","Hong Kong","Asia"
840,"Radius Payment Solutions","Crewe","United Kingdom","Europe"
290,"Nextiva","Scottsdale","United States","North America"
742,"Lukka","New York","United States","North America"
964,"Maven Clinic","New York","United States","North America"
712,"Tripledot","London","United Kingdom","Europe"
837,"Zego","London","United Kingdom","Europe"
583,"Netlify","San Francisco","United States","North America"
411,"Next Silicon","Tel Aviv","Israel","Asia"
430,"Loom","San Francisco","United States","North America"
875,"Betterfly","Santiago","Chile","South America"
810,"Beyond Identity","New York","United States","North America"
805,"STORD","Atlanta","United States","North America"
953,"Lessen","Scottsdale","United States","North America"
606,"Axtria","Berkeley Heights","United States","North America"
679,"YunQuNa","Shanghai","China","Asia"
907,"Electric","New York","United States","North America"
880,"bolttech","","Singapore","Asia"
834,"Sunbit","Los Angeles","United States","North America"
542,"Aiven","Helsinki","Finland","Europe"
1043,"Thirty Madison","New York","United States","North America"
410,"Mu Sigma","Northbrook","United States","North America"
637,"Shukun Technology","Beijing","China","Asia"
616,"Flipboard","Palo Alto","United States","North America"
611,"dMed Biopharmaceutical","Shanghai","China","Asia"
1064,"Xendit","Jakarta","Indonesia","Asia"
1032,"SoundHound","Santa Clara","United States","North America"
737,"Island","Dallas","United States","North America"
374,"Tubatu.com","Shenzhen","China","Asia"
172,"Yello Mobile","Seoul","South Korea","Asia"
414,"Pacaso","Cincinnati","United States","North America"
845,"Density","San Francisco","United States","North America"
1055,"Visier","Vancouver","Canada","North America"
416,"Persona","San Francisco","United States","North America"
682,"Coocaa","Shenzhen","China","Asia"
967,"Mensa Brands","Bengaluru","India","Asia"
551,"Calm","San Francisco","United States","North America"
491,"Uptake","Chicago","United States","North America"
446,"HomeLight","San Francisco","United States","North America"
982,"Noname Security","Palo Alto","United States","North America"
850,"Sendbird","San Mateo","United States","North America"
928,"Hailo","Tel Aviv","Israel","Asia"
380,"InMobi","Bengaluru","India","Asia"
451,"SafetyCulture","Sydney","Australia","Oceania"
987,"OpenWeb","New York","United States","North America"
842,"Rubicon","Atlanta","United States","North America"
620,"HuJiang","Shanghai","China","Asia"
356,"Baiwang","Beijing","China","Asia"
872,"BeiBei","Hangzhou","China","Asia"
417,"SmartRecruiters","San Francisco","United States","North America"
427,"Whatnot","Marina del Rey","United States","North America"
255,"A24 Films","New York","United States","North America"
397,"Cognite","Lysaker","Norway","Europe"
857,"Aircall","New York","United States","North America"
588,"Quora","Mountain View","United States","North America"
1005,"Quantum Metric","Colorado Springs","United States","North America"
609,"CredAvenue","Chennai","India","Asia"
619,"Huisuanzhang","Beijing","China","Asia"
681,"Aleo","San Francisco","United States","North America"
489,"Odoo","Louvain-la-Neuve","Belgium","Europe"
626,"Keenon Robotics","Shanghai","China","Asia"
649,"WeBull","Changsha","China","Asia"
234,"PointClickCare","Mississauga","Canada","North America"
770,"FloQast","Los Angeles","United States","North America"
614,"Everly Health","Austin","United States","North America"
482,"Spotter","Los Angeles","United States","North America"
968,"Mia.com","Beijing","China","Asia"
899,"Dental Monitoring","Paris","France","Europe"
386,"BrewDog","Aberdeen","United Kingdom","Europe"
665,"Kujiale","Hangzhou","China","Asia"
1039,"TensTorrent","Toronto","Canada","North America"
800,"CloudBees","San Jose","United States","North America"
457,"Wayflyer","Dublin","Ireland","Europe"
676,"TaxBit","Draper","United States","North America"
1050,"Unico","Sao Paulo","Brazil","South America"
694,"Deliverect","Ghent","Belgium","Europe"
481,"Reltio","Redwood City","United States","North America"
878,"Bluecore","New York","United States","North America"
995,"Payhawk","London","United Kingdom","Europe"
1034,"Standard","San Francisco","United States","North America"
855,"Agile Robots","Munich","Germany","Europe"
345,"Outschool","San Francisco","United States","North America"
691,"Coda","Mountain View","United States","North America"
860,"Amagi","Bengaluru","India","Asia"
511,"Opentrons","New York","United States","North America"
704,"Papa","Miami","United States","North America"
881,"Boom Supersonic","Englewood","United States","North America"
747,"Intercom","San Francisco","United States","North America"
861,"Amount","Chicago","United States","North America"
407,"Lusha","New York","United States","North America"
858,"Ajaib","Jakarta","Indonesia","Asia"
749,"BigID","New York","United States","North America"
841,"Rivigo","Gurgaon","India","Asia"
282,"Sourcegraph","San Francisco","United States","North America"
1026,"Slice","Bengaluru","India","Asia"
630,"MobiKwik","Gurugram","India","Asia"
621,"Hyperchain","Hangzhou","China","Asia"
847,"Jiuxian","Beijing","China","Asia"
223,"BrowserStack","Dublin","Ireland","Europe"
1009,"Red Ventures","Fort Mill","United States","North America"
563,"Formlabs","Somerville","United States","North America"
476,"H2O.ai","Mountain View","United States","North America"
970,"Mobvoi","Beijing","China","Asia"
990,"Orchard","New York","United States","North America"
728,"Tongdun Technology","Hangzhou","China","Asia"
415,"Paradox","Scottsdale","United States","North America"
956,"LinkDoc Technology","Beijing","China","Asia"
418,"Snapdocs","San Francisco","United States","North America"
892,"Chronosphere","New York","United States","North America"
991,"Owkin","New York","United States","North America"
1028,"SMS Assist","Chicago","United States","North America"
454,"Truepill","Hayward","United States","North America"
400,"Culture Amp","Richmond","Australia","Oceania"
1042,"The Zebra","Austin","United States","North America"
753,"Incode Technologies","San Francisco","United States","North America"
911,"Expel","Herndon","United States","North America"
819,"G2","Chicago","United States","North America"
507,"Reify Health","Boston","United States","North America"
910,"Evidation","San Mateo","United States","North America"
756,"Mythical Games","Sherman Oaks","United States","North America"
480,"Productboard","San Francisco","United States","North America"
405,"impact.com","Santa Barbara","United States","North America"
683,"Gymshark","Solihull","United Kingdom","Europe"
959,"Lydia","Paris","France","Europe"
954,"LetsGetChecked","Dublin","Ireland","Europe"
203,"VAST Data","New York","United States","North America"
170,"HyalRoute","","Singapore","Asia"
698,"Firebolt","Tel Aviv","Israel","Asia"
790,"Tealium","San Diego","United States","North America"
962,"Mammoth Biosciences","Brisbane","United States","North America"
865,"Aqua Security","Ramat Gan","Israel","Asia"
461,"Glossier","New York","United States","North America"
670,"DT Dream","Hangzhou","China","Asia"
529,"Jeeves","Orlando","United States","North America"
634,"Pipa Coding","Beijing","China","Asia"
897,"Contrast Security","Los Altos","United States","North America"
924,"Gelato","Oslo","Norway","Europe"
768,"Copado","Chicago","United States","North America"
707,"Salt Security","Palo Alto","United States","North America"
673,"K Health","New York","United States","North America"
1049,"TrueLayer","London","United Kingdom","Europe"
1017,"Scandit","Zurich","Switzerland","Europe"
856,"Aibee","Beijing","China","Asia"
1007,"RapidAPI","San Francisco","United States","North America"
462,"Hibob","Tel Aviv","Israel","Asia"
832,"Sisense","New York","United States","North America"
265,"Infra.Market","Thane","India","Asia"
485,"ZenBusiness","Austin","United States","North America"
490,"Skydance Media","Santa Monica","United States","North America"
723,"Motorway","London","United Kingdom","Europe"
913,"Feedzai","San Mateo","United States","North America"
534,"ReCharge","Los Angeles","United States","North America"
494,"Pattern","Lehi","United States","North America"
849,"Mixpanel","San Francisco","United States","North America"
908,"Emerging Markets Property Group","Dubai","United Arab Emirates","Asia"
264,"Immutable","Sydney","Australia","Oceania"
550,"Bunq","Amsterdam","Netherlands","Europe"
778,"MindTickle","San Francisco","United States","North America"
624,"Juma Peisong","Chengdu","China","Asia"
958,"Lookout","San Francisco","United States","North America"
440,"Capitolis","New York","United States","North America"
921,"FXiaoKe","Beijing","China","Asia"
926,"GO1","Brisbane","Australia","Oceania"
584,"OCSiAl","Leudelange","Luxembourg","Europe"
980,"NIUM","","Singapore","Asia"
468,"Biren Technology","Shanghai","China","Asia"
709,"SparkCognition","Austin","United States","North America"
138,"Lendable","London","United Kingdom","Europe"
719,"Epirus","Hawthorne","United States","North America"
505,"MUSINSA","Seoul","South Korea","Asia"
811,"Carousell","","Singapore","Asia"
395,"Built","Nashville","United States","North America"
746,"YugaByte","Sunnyvale","United States","North America"
1052,"Vedantu","Bengaluru","India","Asia"
806,"At-Bay","Mountain View","United States","North America"
873,"BenevolentAI","London","United Kingdom","Europe"
966,"Meero","Paris","France","Europe"
545,"AppsFlyer","San Francisco","United States","North America"
912,"Fabric","New York","United States","North America"
187,"Rec Room","Seattle","United States","North America"
47,"Ripple","San Francisco","United States","North America"
868,"Augury","New York","United States","North America"
671,"fabric","Bellevue","United States","North America"
521,"Aledade","Bethesda","United States","North America"
591,"Spring Health","New York","United States","North America"
593,"SWORD Health","New York","United States","North America"
84,"National Stock Exchange of India","Mumbai","India","Asia"
459,"Transcarent","San Francisco","United States","North America"
514,"Huaqin Telecom Technology","Shanghai","China","Asia"
425,"Veho","Boulder","United States","North America"
561,"Everlaw","Oakland","United States","North America"
303,"Blockstream","Vancouver","Canada","North America"
914,"Fever Labs","New York","United States","North America"
957,"Locus Robotics","Wilmington","United States","North America"
368,"Il Makiage","New York","United States","North America"
204,"Articulate","New York","United States","North America"
14,"Chime","San Francisco","United States","North America"
1010,"REEF Technology","Miami","United States","North America"
10,"Revolut","London","United Kingdom","Europe"
220,"Hozon Auto","Shanghai","China","Asia"
615,"Fair","Santa Monica","United States","North America"
6,"Checkout.com","London","United Kingdom","Europe"
3,"Stripe","San Francisco","United States","North America"
34,"Getir","Istanbul","Turkey","Europe"
12,"FTX","","Bahamas","North America"
657,"Hello TransTech","Shanghai","China","Asia"
169,"Greensill","London","United Kingdom","Europe"
2,"SHEIN","Shenzhen","China","Asia"
26,"Devoted Health","Waltham","United States","North America"
93,"Ziroom","Beijing","China","Asia"
176,"Horizon Robotics","Beijing","China","Asia"
86,"Impossible Foods","Redwood City","United States","North America"
66,"Kavak","Lerma de Villada","Mexico","North America"
64,"Nuro","Mountain View","United States","North America"
62,"Yanolja","Seoul","South Korea","Asia"
60,"Thrasio","Walpole","United States","North America"
71,"Dream11","Mumbai","India","Asia"
640,"Snapdeal","New Delhi","India","Asia"
56,"Lalamove","Cheung Sha Wan","Hong Kong","Asia"
76,"Lacework","San Jose","United States","North America"
83,"Flexport","San Francisco","United States","North America"
149,"Rappi","Bogota","Colombia","South America"
67,"N26","Berlin","Germany","Europe"
155,"C6 Bank","Sao Paulo","Brazil","South America"
103,"Easyhome","Beijing","China","Asia"
523,"ConcertAI","Boston","United States","North America"
789,"SmartMore","Shenzhen","China","Asia"
961,"Maimai","Beijing","China","Asia"
854,"58 Daojia","Beijing","China","Asia"
554,"ClickHouse","Portola Valley","United States","North America"
522,"CoinSwitch Kuber","Bangalore","India","Asia"
935,"Huike Group","Beijing","China","Asia"
552,"Chipper Cash","San Francisco","United States","North America"
687,"Astranis Space Technologies","San Francisco","United States","North America"
815,"Enpal","Berlin","Germany","Europe"
895,"Clearcover","Chicago","United States","North America"
510,"Lightricks","Jerusalem","Israel","Asia"
531,"Moveworks","Mountain View","United States","North America"
949,"KnowBox","Beijing","China","Asia"
833,"Staffbase","Chemnitz","Germany","Europe"
650,"WTOIP","Guangzhou","China","Asia"
1057,"Vox Media","Washington","United States","North America"
785,"Public","New York","United States","North America"
408,"Matillion","Altrincham","United Kingdom","Europe"
1015,"Savage X Fenty","El Segundo","United States","North America"
642,"TalkingData","Beijing","China","Asia"
617,"Globality","Menlo Park","United States","North America"
779,"MyGlamm","Mumbai","India","Asia"
475,"Gousto","London","United Kingdom","Europe"
349,"Sky Mavis","Ho Chi Minh City","Vietnam","Asia"
272,"Vercel","San Francisco","United States","North America"
708,"Scalable Capital","Munich","Germany","Europe"
916,"FLASH","Austin","United States","North America"
289,"Komodo Health","San Francisco","United States","North America"
675,"Spendesk","Paris","France","Europe"
266,"Side","San Francisco","United States","North America"
784,"Prime Medicine","Cambridge","United States","North America"
471,"CircleCI","San Francisco","United States","North America"
622,"iTutorGroup","Shanghai","China","Asia"
574,"LTK","Dallas","United States","North America"
766,"BigPanda","Mountain View","United States","North America"
693,"Degreed","Pleasanton","United States","North America"
390,"Extend","San Francisco","United States","North America"
413,"Olist","Curitiba","Brazil","South America"
684,"M1 Finance","Chicago","United States","North America"
801,"Elemy","San Francisco","United States","North America"
748,"OVO Energy","Bristol","United Kingdom","Europe"
206,"FalconX","San Mateo","United States","North America"
752,"Honor Technology","San Francisco","United States","North America"
820,"Gaussian Robotics","Shanghai","China","Asia"
965,"MediaMath","New York","United States","North America"
448,"Infinidat","Waltham","United States","North America"
902,"DriveNets","Ra'anana","Israel","Asia"
1036,"Swile","Montpellier","France","Europe"
304,"Cedar","New York","United States","North America"
325,"Amber Group","","Hong Kong","Asia"
1019,"Shield AI","San Diego","United States","North America"
690,"Clarify Health","San Francisco","United States","North America"
636,"Rad Power Bikes","Seattle","United States","North America"
342,"Lattice","San Francisco","United States","North America"
343,"LaunchDarkly","Oakland","United States","North America"
933,"HMD Global","Espoo","Finland","Europe"
1011,"ReliaQuest","Tampa","United States","North America"
1062,"Womai","Beijing","China","Asia"
428,"Zenoti","Bellevue","United States","North America"
1021,"ShipBob","Chicago","United States","North America"
332,"Contentful","Berlin","Germany","Europe"
950,"Kopi Kenangan","Jakarta","Indonesia","Asia"
54,"Figma","San Francisco","United States","North America"
308,"Ironclad","Sacramento","United States","North America"
493,"Algolia","San Francisco","United States","North America"
237,"Webflow","San Francisco","United States","North America"
730,"Betterment","New York","United States","North America"
741,"Loadsmart","New York","United States","North America"
960,"MadeiraMadeira","Parana","Brazil","South America"
1038,"TechStyle Fashion Group","El Segundo","United States","North America"
780,"Oda","Oslo","Norway","Europe"
774,"Inari","Cambridge","United States","North America"
936,"Human Interest","San Francisco","United States","North America"
351,"TradingView","Westerville","United States","North America"
602,"Zilch","London","United Kingdom","Europe"
802,"Guideline","San Mateo","United States","North America"
794,"L&P Cosmetic","Seoul","South Korea","Asia"
381,"MindMaze","Lausanne","Switzerland","Europe"
1025,"Skydio","Redwood City","United States","North America"
831,"Sennder","Berlin","Germany","Europe"
429,"Zeta","San Francisco","United States","North America"
547,"Aviatrix","Santa Clara","United States","North America"
568,"Iterable","San Francisco","United States","North America"
57,"Notion Labs","San Francisco","United States","North America"
628,"LifeMiles","Bogota","Colombia","South America"
517,"CloudWalk","Sao Paulo","Brazil","South America"
777,"Merama","Mexico City","Mexico","North America"
827,"Nexthink","Prilly","Switzerland","Europe"
786,"Qumulo","Seattle","United States","North America"
528,"InVision","New York","United States","North America"
210,"Globalization Partners","Boston","United States","North America"
917,"Flash Express","Bangkok","Thailand","Asia"
328,"Calendly","Atlanta","United States","North America"
508,"Diamond Foundry","San Francisco","United States","North America"
192,"Applied Intuition","Sunnyvale","United States","North America"
994,"PatSnap","","Singapore","Asia"
877,"BlackBuck","Bengaluru","India","Asia"
646,"Vectra Networks","San Jose","United States","North America"
589,"Redis Labs","Mountain View","United States","North America"
278,"Pendo","Raleigh","United States","North America"
474,"Dragos","Hanover","United States","North America"
918,"FlashEx","Beijing","China","Asia"
323,"ActiveCampaign","Chicago","United States","North America"
729,"Unisound","Beijing","China","Asia"
835,"TangoMe","Mountain View","United States","North America"
680,"Bordrin Motors","Shanghai","China","Asia"
927,"Groq","Mountain View","United States","North America"
467,"Alan","Paris","France","Europe"
535,"Roofstock","Oakland","United States","North America"
773,"Helium Systems","San Francisco","United States","North America"
596,"Unqork","New York","United States","North America"
267,"SiFive","San Mateo","United States","North America"
208,"Chainalysis","New York","United States","North America"
702,"Koudai","Beijing","China","Asia"
648,"Wacai","Hangzhou","China","Asia"
1003,"PPRO","London","United Kingdom","Europe"
412,"NotCo","Santiago","Chile","South America"
558,"Divvy Homes","San Francisco","United States","North America"
1029,"SnapLogic","San Mateo","United States","North America"
158,"Icertis","Bellevue","United States","North America"
536,"Urban Company","Gurgaon","India","Asia"
598,"Virta Health","San Francisco","United States","North America"
512,"ZocDoc","New York","United States","North America"
39,"ZongMu Technology","Shanghai","China","Asia"
1037,"Tarana Wireless","Milpitas","United States","North America"
431,"Mobile Premier League","Bengaluru","India","Asia"
739,"Konfio","Mexico City","Mexico","North America"
499,"Bitso","Mexico City","Mexico","North America"
207,"Guild Education","Denver","United States","North America"
1069,"Zhaogang","Shanghai","China","Asia"
307,"Innovaccer","San Francisco","United States","North America"
437,"ASAPP","New York","United States","North America"
787,"Rohlik","Prague","Czech Republic","Europe"
392,"Andela","New York","United States","North America"
182,"Flock Safety","Atlanta","United States","North America"
401,"Devo","Cambridge","United States","North America"
555,"Clip","Mexico City","Mexico","North America"
713,"VideoAmp","Los Angeles","United States","North America"
772,"GrubMarket","San Francisco","United States","North America"
700,"GupShup","San Francisco","United States","North America"
442,"Clio","Burnaby","Canada","North America"
663,"Beisen","Beijing","China","Asia"
1068,"Yunxuetang","Suzhou","China","Asia"
722,"Signifyd","San Jose","United States","North America"
444,"Exabeam","Foster City","United States","North America"
888,"CargoX","Sao Paulo","Brazil","South America"
366,"Fenbi Education","Beijing","China","Asia"
915,"Fiture","Chengdu","China","Asia"
339,"Groww","Bengaluru","India","Asia"
656,"Ynsect","Evry","France","Europe"
659,"ECARX","Wuhan","China","Asia"
631,"Modernizing Medicine","Boca Raton","United States","North America"
275,"Axonius","New York","United States","North America"
807,"TELD","Qingdao","China","Asia"
985,"Omio","Berlin","Germany","Europe"
466,"WEMAKEPRICE","Seoul","South Korea","Asia"
524,"Eightfold.ai","Santa Clara","United States","North America"
296,"BlockDaemon","Los Angeles","United States","North America"
735,"Flock Freight","Encinitas","United States","North America"
309,"Skims","Los Angeles","United States","North America"
577,"Magic Leap","Plantation","United States","North America"
23,"goPuff","Philadelphia","United States","North America"
105,"SVOLT","Changzhou","China","Asia"
9,"Databricks","San Francisco","United States","North America"
46,"Zuoyebang","Beijing","China","Asia"
7,"Instacart","San Francisco","United States","North America"
48,"OYO Rooms","Gurugram","India","Asia"
502,"Dialpad","San Francisco","United States","North America"
28,"Grammarly","San Francisco","United States","North America"
516,"YITU Technology","Shanghai","China","Asia"
438,"BitSight Technologies","Boston","United States","North America"
501,"Current","New York","United States","North America"
473,"DispatchHealth","Denver","United States","North America"
465,"solarisBank","Berlin","Germany","Europe"
1044,"Thought Machine","London","United Kingdom","Europe"
818,"Fundbox","San Francisco","United States","North America"
195,"Whoop","Boston","United States","North America"
125,"Better.com","New York","United States","North America"
885,"CAIS","New York","United States","North America"
689,"Cabify","Madrid","Spain","Europe"
288,"Ethos","San Francisco","United States","North America"
280,"JumpCloud","Louisville","United States","North America"
843,"Socar","Jeju-do","South Korea","Asia"
256,"Acronis","Schaffhausen","Switzerland","Europe"
582,"Neo4j","San Mateo","United States","North America"
745,"TravelPerk","Barcelona","Spain","Europe"
559,"Dremio","Santa Clara","United States","North America"
590,"SmartNews","Tokyo","Japan","Asia"
124,"Benchling","San Francisco","United States","North America"
233,"Patreon","San Francisco","United States","North America"
209,"dbt Labs","Philadelphia","United States","North America"
284,"Starburst","Boston","United States","North America"
119,"Workato","Mountain View","United States","North America"
1016,"Scalapay","Milan","Italy","Europe"
291,"o9 Solutions","Dallas","United States","North America"
371,"Pagaya","Tel Aviv","Israel","Asia"
488,"KeepTruckin","San Francisco","United States","North America"
245,"Vista Global","Dubai","United Arab Emirates","Asia"
435,"ABL Space Systems","El Segundo","United States","North America"
346,"Podium","Lehi","United States","North America"
445,"ezCater","Boston","United States","North America"
539,"Ankorstore","Paris","France","Europe"
500,"BloomReach","Mountain View","United States","North America"
497,"Zume","Mountain View","United States","North America"
99,"Gemini","New York","United States","North America"
981,"NoBroker","Bengaluru","India","Asia"
159,"Moon Active","Tel Aviv","Israel","Asia"
150,"6Sense","San Francisco","United States","North America"
710,"Stash","New York","United States","North America"
348,"Seismic","San Diego","United States","North America"
27,"OpenSea","New York","United States","North America"
776,"LivSpace","Bengaluru","India","Asia"
145,"Pleo","Copenhagen","Denmark","Europe"
775,"Jokr","New York","United States","North America"
385,"AppDirect","San Francisco","United States","North America"
597,"VerbIT","New York","United States","North America"
685,"Ouyeel","Shanghai","China","Asia"
112,"Postman","San Francisco","United States","North America"
829,"Pharmapacks","Islandia","United States","North America"
553,"Clearco","Toronto","Canada","North America"
492,"MoMo","Ho Chi Minh City","Vietnam","Asia"
183,"Handshake","San Francisco","United States","North America"
188,"Tekion","San Ramon","United States","North America"
402,"ElasticRun","Pune","India","Asia"
419,"Solugen","Houston","United States","North America"
715,"Yotpo","New York","United States","North America"
543,"Akulaku","Jakarta","Indonesia","Asia"
923,"Geek+","Beijing","China","Asia"
638,"Shulan Health","Hangzhou","China","Asia"
660,"Eat Just","San Francisco","United States","North America"
199,"Papaya Global","New York","United States","North America"
525,"FirstCry","Pune","India","Asia"
458,"Zhubajie","Chongqing","China","Asia"
236,"Vuori","Carlsbad","United States","North America"
90,"Rippling","San Francisco","United States","North America"
108,"Mambu","Amsterdam","Netherlands","Europe"
575,"Lunar","Aarhus","Denmark","Europe"
767,"CarDekho","Jaipur","India","Asia"
984,"Omada Health","San Francisco","United States","North America"
548,"BlaBlaCar","Paris","France","Europe"
238,"Yuga Labs","Miami","United States","North America"
532,"MX Technologies","Lehi","United States","North America"
562,"Exotec","Croix","France","Europe"
453,"Tonal","San Francisco","United States","North America"
699,"Five Star Business Finance","Chennai","India","Asia"
557,"Deliverr","San Francisco","United States","North America"
808,"Acko General Insurance","Bengaluru","India","Asia"
759,"Nexii","Vancouver","Canada","North America"
357,"Boba","San Francisco","United States","North America"
922,"Gauntlet Networks","New York","United States","North America"
905,"EBANX","Curitiba","Brazil","South America"
300,"MasterClass","San Francisco","United States","North America"
151,"Cerebral","San Francisco","United States","North America"
976,"Nature's Fynd","Chicago","United States","North America"
268,"Somatus","McLean","United States","North America"
406,"Ledger","Paris","France","Europe"
298,"Dream Games","Istanbul","Turkey","Europe"
179,"ChargeBee Technologies","Walnut","United States","North America"
242,"Moglix","","Singapore","Asia"
387,"Enflame","Shanghai","China","Asia"
496,"Trulioo","Vancouver","Canada","North America"
336,"Flutterwave","San Francisco","United States","North America"
727,"Grove Collaborative","San Francisco","United States","North America"
560,"Druva","Sunnyvale","United States","North America"
318,"HighRadius","Houston","United States","North America"
581,"Mynt","Taguig City","Philippines","Asia"
18,"Miro","San Francisco","United States","North America"
193,"Course Hero","Redwood City","United States","North America"
358,"Bought By Many","London","United Kingdom","Europe"
757,"Route","Lehi","United States","North America"
302,"ApplyBoard","Kitchener","Canada","North America"
311,"Zipline","South San Francisco","United States","North America"
1013,"Rothy's","San Francisco","United States","North America"
537,"Rokt","New York","United States","North America"
326,"Anchorage Digital","San Francisco","United States","North America"
190,"Outreach","Seattle","United States","North America"
955,"Licious","Bengaluru","India","Asia"
24,"Blockchain.com","London","United Kingdom","Europe"
133,"Royole Corporation","Shenzhen","China","Asia"
1067,"YipitData","New York","United States","North America"
197,"GOAT","Culver City","United States","North America"
213,"StockX","Detroit","United States","North America"
533,"PayFit","London","United Kingdom","Europe"
721,"Yaoshibang","Guangzhou","China","Asia"
276,"Clari","Sunnyvale","United States","North America"
347,"Remote","San Francisco","United States","North America"
59,"Talkdesk","San Francisco","United States","North America"
486,"Bowery Farming","New York","United States","North America"
142,"Color","Burlingame","United States","North America"
447,"HoneyBook","San Francisco","United States","North America"
196,"Arctic Wolf Networks","Eden Prairie","United States","North America"
52,"Chehaoduo","Beijing","China","Asia"
15,"BYJU's","Bengaluru","India","Asia"
13,"Fanatics","Jacksonville","United States","North America"
19,"Yuanfudao","Beijing","China","Asia"
30,"Northvolt","Stockholm","Sweden","Europe"
89,"Ola Cabs","Bengaluru","India","Asia"
166,"WM Motor","Shanghai","China","Asia"
29,"Argo AI","Pittsburgh","United States","North America"
4,"Klarna","Stockholm","Sweden","Europe"
324,"Age of Learning","Glendale","United States","North America"
257,"Aura","Burlington","United States","North America"
165,"United Imaging Healthcare","Shanghai","China","Asia"
359,"Cambridge Mobile Telematics","Cambridge","United States","North America"
576,"Mafengwo","Beijing","China","Asia"
230,"Melio","New York","United States","North America"
948,"Kitopi","Dubai","United Arab Emirates","Asia"
180,"Coalition","San Francisco","United States","North America"
573,"Loggi","Sao Paulo","Brazil","South America"
530,"Medable","Palo Alto","United States","North America"
283,"OwnBackup","Englewood Cliffs","United States","North America"
520,"Acorns","Irvine","United States","North America"
495,"Spinny","Gurugram","India","Asia"
696,"Epidemic Sound","Stockholm","Sweden","Europe"
711,"Symphony","New York","United States","North America"
678,"Yijiupi","Beijing","China","Asia"
132,"CloudWalk Technology","Guangzhou","China","Asia"
986,"ONE","","Singapore","Asia"
1056,"VOI","Stockholm","Sweden","Europe"
469,"Voodoo","Paris","France","Europe"
566,"HuiMin","Beijing","China","Asia"
1047,"Tresata","Charlotte","United States","North America"
992,"PandaDoc","San Francisco","United States","North America"
762,"Spiber","Tsuruoka","Japan","Asia"
706,"Rebel Foods","Pune","India","Asia"
221,"Aurora Solar","San Francisco","United States","North America"
564,"Guoquan Shihui","Shanghai","China","Asia"
329,"Carbon Health","San Francisco","United States","North America"
608,"China Cloud","Wuxi","China","Asia"
116,"Personio","Munich","Germany","Europe"
859,"Alto Pharmacy","San Francisco","United States","North America"
504,"Gympass","New York","United States","North America"
337,"Forter","New York","United States","North America"
879,"BlueVoyant","New York","United States","North America"
578,"Misfits Market","Pennsauken","United States","North America"
527,"GoCardless","London","United Kingdom","Europe"
629,"LinkSure Network","Shanghai","China","Asia"
260,"Digit Insurance","Bengaluru","India","Asia"
692,"Deezer","Paris","France","Europe"
259,"Cato Networks","Tel Aviv","Israel","Asia"
867,"Assent","Ottawa","Canada","North America"
338,"Grafana Labs","New York","United States","North America"
225,"ClickUp","San Diego","United States","North America"
362,"Cgtz","Hangzhou","China","Asia"
541,"Advance Intelligence Group","","Singapore","Asia"
883,"C2FO","Leawood","United States","North America"
450,"Paxos","New York","United States","North America"
838,"Nxin","Beijing","China","Asia"
181,"Commure","San Francisco","United States","North America"
479,"PAX","San Francisco","United States","North America"
286,"Zetwerk","Bengaluru","India","Asia"
432,"Uala","Buenos Aires","Argentina","South America"
570,"Kaseya","Miami","United States","North America"
1020,"Shift Technology","Paris","France","Europe"
216,"BitPanda","Vienna","Austria","Europe"
607,"Cell C","Midrand","South Africa","Africa"
900,"DianRong","Shanghai","China","Asia"
77,"Tipalti","San Mateo","United States","North America"
244,"Upstox","Mumbai","India","Asia"
569,"Kajabi","Irvine","United States","North America"
506,"NuCom Group","Unterfoehring","Germany","Europe"
313,"DriveWealth","Chatham","United States","North America"
235,"Rubrik","Palo Alto","United States","North America"
654,"Yimidida","Shanghai","China","Asia"
177,"MoonPay","Miami","United States","North America"
373,"Promasidor Holdings","Bryanston","South Africa","Asia"
487,"Greenlight","Atlanta","United States","North America"
42,"Weilong Foods","Luohe","China","Asia"
299,"Illumio","Sunnyvale","United States","North America"
141,"Checkr","San Francisco","United States","North America"
137,"Vinted","Vilnius","Lithuania","Europe"
51,"Alchemy","San Francisco","United States","North America"
586,"Pipe","Miami","United States","North America"
144,"BetterUp","San Francisco","United States","North America"
389,"HeartFlow","Redwood City","United States","North America"
572,"KRY","Stockholm","Sweden","Europe"
585,"Opay","Lagos","Nigeria","Africa"
887,"Capsule","New York","United States","North America"
5,"Canva","Surry Hills","Australia","Oceania"
677,"XiaoZhu","Beijing","China","Asia"
49,"OutSystems","Boston","United States","North America"
793,"Xpressbees","Pune","India","Asia"
470,"Carsome","Selangor","Malaysia","Asia"
261,"Fetch Rewards","Madison","United States","North America"
295,"Transmit Security","Tel Aviv","Israel","Asia"
95,"Gong","Palo Alto","United States","North America"
1053,"Veev","San Mateo","United States","North America"
594,"Tier","Berlin","Germany","Europe"
120,"Upgrade","San Francisco","United States","North America"
974,"Movile","Sao Paulo","Brazil","South America"
306,"Eruditus Executive Education","Mumbai","India","Asia"
939,"iFood","Osasco","Brazil","South America"
526,"Forto","Berlin","Germany","Europe"
754,"Kuaikan Manhua","Beijing","China","Asia"
376,"HEYTEA","Shenzhen","China","Asia"
889,"Carro","","Singapore","Asia"
148,"Collibra","Brussels","Belgium","Europe"
157,"Hopper","Montreal","Canada","North America"
519,"Volocopter","Bruchsal","Germany","Europe"
41,"Swiggy","Bengaluru","India","Asia"
43,"Global Switch","London","United Kingdom","Europe"
16,"J&T Express","Jakarta","Indonesia","Asia"
38,"Xingsheng Selected","Changsha","China","Asia"
312,"BharatPe","New Delhi","India","Asia"
940,"InFarm","Berlin","Germany","Europe"
127,"Wiz","Tel Aviv","Israel","Asia"
94,"Scale AI","San Francisco","United States","North America"
205,"Dutchie","Bend","United States","North America"
270,"Uniphore","Palo Alto","United States","North America"
75,"Dapper Labs","Vancouver","Canada","North America"
993,"Pat McGrath Labs","New York","United States","North America"
744,"The Brandtech Group","New York","United States","North America"
341,"KK Group","Dongguan","China","Asia"
472,"DealShare","Bengaluru","India","Asia"
571,"Keep","Beijing","China","Asia"
228,"Houzz","Palo Alto","United States","North America"
1073,"Zwift","Long Beach","United States","North America"
1040,"TERMINUS Technology","Beijing","China","Asia"
460,"Trader Interactive","Norfolk","United States","North America"
316,"SpotOn","San Francisco","United States","North America"
320,"Nuvemshop","Sao Paulo","Brazil","South America"
107,"Deel","San Francisco","United States","North America"
605,"Aprogen","Seongnam-Si","South Korea","Asia"
1006,"Quizlet","San Francisco","United States","North America"
666,"Orca Security","Portland","United States","North America"
736,"InSightec","Tirat Carmel","Israel","Asia"
156,"Cockroach Labs","New York","United States","North America"
372,"PolicyBazaar","Gurgaon","India","Asia"
544,"Apeel Sciences","Goleta","United States","North America"
378,"Claroty","New York","United States","North America"
184,"Highspot","Seattle","United States","North America"
135,"Socure","New York","United States","North America"
102,"Black Unicorn Factory","Los Angeles","United States","North America"
143,"Dataiku","New York","United States","North America"
869,"Axelar","Waterloo","Canada","North America"
674,"Mofang Living","Shanghai","China","Asia"
627,"Kuaigou Dache","Tianjin","China","Asia"
977,"Newlink Group","Beijing","China","Asia"
167,"ZEPZ","London","United Kingdom","Europe"
821,"GetYourGuide","Berlin","Germany","Europe"
198,"Noom","New York","United States","North America"
655,"Yipin Shengxian","Hefei","China","Asia"
546,"Avant","Chicago","United States","North America"
661,"Trumid","New York","United States","North America"
80,"Ramp","New York","United States","North America"
253,"Cohesity","San Jose","United States","North America"
100,"ConsenSys","New York","United States","North America"
483,"Vestiaire Collective","Paris","France","Europe"
214,"ThoughtSpot","Sunnyvale","United States","North America"
669,"CureFit","Bengaluru","India","Asia"
315,"PsiQuantum","Palo Alto","United States","North America"
297,"Convoy","Seattle","United States","North America"
222,"Branch","Redwood City","United States","North America"
515,"Addepar","Mountain View","United States","North America"
68,"Klaviyo","Boston","United States","North America"
726,"GPclub","Seoul","South Korea","Asia"
904,"Dxy.cn","Hangzhou","China","Asia"
441,"Carbon","Redwood City","United States","North America"
301,"Graphcore","Bristol","United Kingdom","Europe"
919,"Fractal Analytics","Mumbai","India","Asia"
263,"GoStudent","Vienna","Austria","Europe"
140,"Anduril","Irvine","United States","North America"
55,"Gusto","San Francisco","United States","North America"
377,"BGL Group","Peterborough","United Kingdom","Europe"
871,"Banma Network Technologies","Shanghai","China","Asia"
310,"Thumbtack","San Francisco","United States","North America"
613,"EQRx","Cambridge","United States","North America"
163,"Qonto","Paris","France","Europe"
277,"ManoMano","Paris","France","Europe"
1059,"Watershed","San Francisco","United States","North America"
503,"G7 Networks","Beijing","China","Asia"
330,"Circle","Boston","United States","North America"
254,"Cybereason","Boston","United States","North America"
367,"Hesai Tech","Shanghai","China","Asia"
399,"Collective Health","San Francisco","United States","North America"
61,"Dunamu","Seoul","South Korea","Asia"
375,"Ximalaya FM","Shanghai","China","Asia"
716,"Neon","Sao Paulo","Brazil","South America"
224,"Cerebras Systems","Los Altos","United States","North America"
22,"Genki Forest","Beijing","China","Asia"
720,"Klook","Central","Hong Kong","Asia"
322,"Workrise","Austin","United States","North America"
279,"Plume","Palo Alto","United States","North America"
111,"FiveTran","Oakland","United States","North America"
126,"iCapital Network","New York","United States","North America"
269,"Sysdig","San Francisco","United States","North America"
25,"Plaid","San Francisco","United States","North America"
160,"OfBusiness","Gurgaon","India","Asia"
731,"Cava Group","Washington","United States","North America"
202,"Sorare","Paris","France","Europe"
74,"Razorpay","Bengaluru","India","Asia"
439,"Cao Cao Mobility","Hangzhou","China","Asia"
379,"Improbable","London","United Kingdom","Europe"
154,"QuintoAndar","Campinas","Brazil","South America"
423,"TuJia","Beijing","China","Asia"
262,"Games24x7","Mumbai","India","Asia"
219,"Medlinker","Chengdu","China","Asia"
161,"Ola Electric Mobility","Bengaluru","India","Asia"
36,"Bitmain","Beijing","China","Asia"
384,"SellerX","Berlin","Germany","Europe"
599,"Xinchao Media","Chengdu","China","Asia"
20,"Rapyd","London","United Kingdom","Europe"
241,"Kurly","Seoul","South Korea","Asia"
69,"Niantic","San Francisco","United States","North America"
333,"Cross River Bank","Fort Lee","United States","North America"
246,"Yixia","Beijing","China","Asia"
70,"Tanium","Kirkland","United States","North America"
174,"Lenskart","Faridabad","India","Asia"
294,"Via","New York","United States","North America"
601,"XtalPi","Shenzhen","China","Asia"
795,"Mininglamp Technology","Beijing","China","Asia"
319,"Loft","Sao Paulo","Brazil","South America"
274,"Unacademy","Bengaluru","India","Asia"
538,"Starling Bank","London","United Kingdom","Europe"
478,"Harry's","New York","United States","North America"
1072,"Zopa","London","United Kingdom","Europe"
200,"Redwood Materials","Carson City","United States","North America"
498,"AIWAYS","Shanghai","China","Asia"
35,"Biosplice Therapeutics","San Diego","United States","North America"
903,"Dune Analytics","Oslo","Norway","Europe"
610,"DeepBlue Technology","Shanghai","China","Asia"
11,"Epic Games","Cary","United States","North America"
1,"SpaceX","Hawthorne","United States","North America"
932,"Heyday","Chicago","United States","North America"
653,"Yiguo","Shanghai","China","Asia"
874,"Berlin Brands Group","Berlin","Germany","Europe"
37,"GoodLeap","Roseville","United States","North America"
106,"Airwallex","Melbourne","Australia","Oceania"
117,"RELEX Solutions","Helsinki","Finland","Europe"
1071,"Zihaiguo","Chongqing","China","Asia"
305,"ContentSquare","Paris","France","Europe"
110,"Doctolib","Paris","France","Europe"
281,"Project44","Chicago","United States","North America"
81,"Tempus","Chicago","United States","North America"
152,"Creditas","Sao Paulo","Brazil","South America"
122,"Hinge Health","San Francisco","United States","North America"
403,"Gett","London","United Kingdom","Europe"
92,"Toss","Seoul","South Korea","Asia"
98,"Automation Anywhere","San Jose","United States","North America"
232,"Olive","Columbus","United States","North America"
247,"Automattic","San Francisco","United States","North America"
388,"Tradeshift","San Francisco","United States","North America"
88,"Attentive","Hoboken","United States","North America"
218,"Weee!","Fremont","United States","North America"
178,"Celsius Network","Hoboken","United States","North America"
128,"DailyHunt","Bengaluru","India","Asia"
851,"OrCam Technologies","Jerusalem","Israel","Asia"
853,"1KMXC","Hangzhou","China","Asia"
227,"Farmers Business Network","San Carlos","United States","North America"
1061,"WeLab","","Hong Kong","Asia"
799,"Tuhu","Shanghai","China","Asia"
293,"Sila Nanotechnologies","Alameda","United States","North America"
231,"Next Insurance","Palo Alto","United States","North America"
114,"Cityblock Health","Brooklyn","United States","North America"
0,"Bytedance","Beijing","China","Asia"
463,"Jobandtalent","Madrid","Spain","Europe"
162,"Pine Labs","Noida","India","Asia"
433,"Wenheyou","Hunan","China","Asia"
836,"The Bank of London","London","United Kingdom","Europe"
668,"Forte Labs","San Francisco","United States","North America"
123,"Lyra Health","Burlingame","United States","North America"
96,"TripActions","Palo Alto","United States","North America"
17,"Xiaohongshu","Shanghai","China","Asia"
353,"wefox","Berlin","Germany","Europe"
973,"Morning Consult","Washington DC","United States","North America"
97,"1Password","Toronto","Canada","North America"
87,"CRED","Bengaluru","India","Asia"
153,"OneTrust","Atlanta","United States","North America"
109,"Mollie","Amsterdam","Netherlands","Europe"
946,"JoyTunes","Tel Aviv","Israel","Asia"
937,"Ibotta","Denver","United States","North America"
139,"UBTECH Robotics","Shenzhen","China","Asia"
131,"Meizu Technology","Zhuhai","China","Asia"
360,"Carzone","Jiangsu","China","Asia"
658,"Miaoshou Doctor","Beijing","China","Asia"
186,"Mirakl","Paris","France","Europe"
604,"Alzheon","Framingham","United States","North America"
600,"Xingyun Group","Shenzhen","China","Asia"
672,"JOLLY Information Technology","Hangzhou","China","Asia"
518,"Retool","San Francisco","United States","North America"
331,"CMR Surgical","Cambridge","United Kingdom","Europe"
382,"Ninja Van","","Singapore","Asia"
21,"Discord","San Francisco","United States","North America"
271,"Varo Bank","San Francisco","United States","North America"
664,"Earnix","Giv'atayim","Israel","Asia"
1070,"Zhuan Zhuan","Beijing","China","Asia"
146,"Trade Republic","Berlin","Germany","Europe"
292,"Scopely","Culver City","United States","North America"
792,"Workhuman","Dublin","Ireland","Europe"
639,"SITECH DEV","Guiyang","China","Asia"
567,"ISN","Dallas","United States","North America"
945,"Iodine Software","Austin","United States","North America"
947,"Kendra Scott","Austin","United States","North America"
717,"Veepee","La Plaine Saint-Denis","France","Europe"
424,"Uplight","Boulder","United States","North America"
733,"DistroKid","New York","United States","North America"
1002,"Poizon","Shanghai","China","Asia"
215,"SSENSE","Montreal","Canada","North America"
866,"Assembly","Culver City","United States","North America"
651,"Xiaobing","Beijing","China","Asia"
890,"Carson Group","Lincoln","United States","North America"